<application>
  <component name="FileTypeManager" version="18">
    <extensionMap>
      <mapping pattern="user_claims" type="AUTO_DETECTED" />
      <mapping pattern=".env" type="PLAIN_TEXT" />
      <mapping pattern=".analysis_options" type="YAML" />
      <removed_mapping ext="csv" approved="true" type="CSV/TSV" />
      <removed_mapping ext="toml" approved="true" type="PLAIN_TEXT" />
      <removed_mapping ext="tsv" approved="true" type="CSV/TSV" />
    </extensionMap>
  </component>
</application>